patient,slices,spacing_x_mm,spacing_y_mm,spacing_z_mm,ct_min_hu,ct_max_hu,p00_5_hu,p01_hu,p50_hu,p99_hu,p99_5_hu,zero_hu_current_uint8,bbox_x_min,bbox_x_max,bbox_y_min,bbox_y_max,fov_320_retained_percent,fov_352_retained_percent,fov_384_retained_percent,fov_416_retained_percent
Patient_01,229,0.9765625,0.9765625,2.0,-1000,3071,-1000.0,-1000.0,-994.0,250.0,362.0,62.638172439204126,193,333,141,308,100.0,100.0,100.0,100.0
Patient_02,246,0.9765620231628418,0.9765620231628418,2.5,-1000,26613,-1000.0,-1000.0,-965.0,370.0,554.0,9.234780719226451,204,343,144,289,100.0,100.0,100.0,100.0
Patient_03,147,0.9765620231628418,0.9765620231628418,2.5,-1000,25292,-1000.0,-1000.0,-978.0,290.0,493.0,9.698767685988134,200,337,200,321,100.0,100.0,100.0,100.0
Patient_04,158,0.9765620231628418,0.9765620231628418,2.5,-1000,4551,-1000.0,-1000.0,-967.0,318.60999999998603,501.0,45.93766888848856,203,358,167,338,100.0,100.0,100.0,100.0
Patient_05,284,0.9765625,0.9765625,2.0,-1000,3071,-1000.0,-1000.0,-995.0,372.8499999999767,626.0,62.638172439204126,208,348,197,336,100.0,100.0,100.0,100.0
Patient_06,199,0.9765620231628418,0.9765620231628418,2.5,-1000,3071,-1000.0,-1000.0,-989.0,314.0,471.0,62.638172439204126,213,368,147,300,100.0,100.0,100.0,100.0
Patient_07,179,0.9765625,0.9765625,2.0,-1000,3059,-1000.0,-1000.0,-983.0,250.80999999999767,338.0,62.82335550628233,198,333,143,292,100.0,100.0,100.0,100.0
Patient_08,171,0.9765620231628418,0.9765620231628418,2.5,-1000,3071,-1000.0,-1000.0,-993.0,316.0,497.0,62.638172439204126,202,322,202,333,100.0,100.0,100.0,100.0
Patient_09,154,0.9765620231628418,0.9765620231628418,2.5,-1000,3071,-1000.0,-1000.0,-994.0,372.0,589.2850000000035,62.638172439204126,205,345,154,305,100.0,100.0,100.0,100.0
Patient_10,163,0.9765625,0.9765625,2.0,-1000,3071,-1000.0,-1000.0,-948.0,399.0,571.0,62.638172439204126,195,344,108,279,100.0,100.0,100.0,100.0
Patient_11,180,1.269531011581421,1.269531011581421,2.5,-1000,8834,-1000.0,-1000.0,-988.0,115.0,257.0,25.930445393532644,216,331,149,279,100.0,100.0,100.0,100.0
Patient_12,171,0.9765625,0.9765625,2.0,-1000,3071,-1000.0,-1000.0,-994.0,358.0,561.3649999999907,62.638172439204126,219,365,156,323,100.0,100.0,100.0,100.0
Patient_13,228,0.9765625,0.9765625,2.0,-1000,3071,-1000.0,-1000.0,-977.0,370.0,599.6449999999895,62.638172439204126,215,362,139,298,100.0,100.0,100.0,100.0
Patient_14,162,0.9765620231628418,0.9765620231628418,2.5,-1000,1892,-1000.0,-1000.0,-981.0,214.0,393.0,88.17427385892117,227,355,189,329,100.0,100.0,100.0,100.0
Patient_15,150,0.8964840173721313,0.8964840173721313,2.5,-1000,17762,-1000.0,-1000.0,-971.0,343.0,520.7649999999849,13.591301566997123,199,372,128,335,100.0,100.0,100.0,100.0
Patient_16,166,0.9765620231628418,0.9765620231628418,2.5,-1000,11362,-1000.0,-1000.0,-913.0,324.6900000000023,527.0,20.627730140753922,195,351,130,307,100.0,100.0,100.0,100.0
Patient_17,166,0.9765620231628418,0.9765620231628418,2.5,-1000,14614,-1000.0,-1000.0,-983.0,180.0,340.0,16.331497374151404,215,321,181,300,100.0,100.0,100.0,100.0
Patient_18,183,0.9765620231628418,0.9765620231628418,2.5,-1000,15566,-1000.0,-1000.0,-958.0,244.0,393.92499999998836,15.392973560304238,187,377,161,335,100.0,100.0,100.0,100.0
Patient_19,190,0.9765620231628418,0.9765620231628418,2.5,-1000,31743,-1000.0,-1000.0,-974.0,325.0,539.0,7.787924136456647,181,320,180,318,100.0,100.0,100.0,100.0
Patient_20,206,1.3671879768371582,1.3671879768371582,2.5,-1000,3071,-1000.0,-1000.0,-996.0,176.0,348.0,62.638172439204126,216,353,166,287,100.0,100.0,100.0,100.0
Patient_21,158,0.9765620231628418,0.9765620231628418,2.5,-1000,8570,-1000.0,-1000.0,-965.0,373.0,567.804999999993,26.645768025078368,198,349,156,305,100.0,100.0,100.0,100.0
Patient_22,181,0.9765620231628418,0.9765620231628418,2.5,-1000,9060,-1000.0,-1000.0,-977.0,235.0,317.92499999998836,25.347912524850894,205,349,139,277,100.0,100.0,100.0,100.0
Patient_23,153,0.9765620231628418,0.9765620231628418,2.5,-1000,9486,-1000.0,-1000.0,-979.0,256.0,419.0,24.318138470341406,201,335,144,309,100.0,100.0,100.0,100.0
Patient_24,168,0.9765620231628418,0.9765620231628418,2.5,-1000,7206,-1000.0,-1000.0,-969.0,191.0,339.84500000000116,31.074823300024374,216,363,128,294,100.0,100.0,100.0,100.0
Patient_25,150,0.9765620231628418,0.9765620231628418,2.5,-1000,12913,-1000.0,-1000.0,-970.0,311.0,482.0,18.32818227556961,194,351,175,314,100.0,100.0,100.0,100.0
Patient_26,247,0.9765625,0.9765625,2.0,-1000,3071,-1000.0,-1000.0,-957.0,273.0,390.0,62.638172439204126,208,354,131,278,100.0,100.0,100.0,100.0
Patient_27,213,0.9765625,0.9765625,2.0,-1000,3071,-1000.0,-1000.0,-994.0,274.0,441.08499999999185,62.638172439204126,210,363,174,321,100.0,100.0,100.0,100.0
Patient_28,179,0.9765620231628418,0.9765620231628418,2.5,-1000,4321,-1000.0,-1000.0,-801.0,281.0,417.0,47.92332268370607,203,392,106,324,100.0,100.0,100.0,100.0
Patient_29,173,0.9765620231628418,0.9765620231628418,2.5,-1000,1778,-1000.0,-1000.0,-962.0,276.0,440.8850000000093,91.792656587473,203,351,182,380,100.0,100.0,100.0,100.0
Patient_30,171,0.9765620231628418,0.9765620231628418,2.5,-1000,11830,-1000.0,-1000.0,-978.0,278.7300000000105,423.3649999999907,19.875292283710056,197,348,217,399,100.0,100.0,100.0,100.0
Patient_31,148,0.9765620231628418,0.9765620231628418,2.5,-1000,9494,-1000.0,-1000.0,-977.0,311.0,492.24499999999534,24.299599771297885,208,348,191,321,100.0,100.0,100.0,100.0
Patient_32,157,0.9765620231628418,0.9765620231628418,2.5,-1000,12649,-1000.0,-1000.0,-949.0,395.0,568.804999999993,18.68268737636457,185,355,132,332,100.0,100.0,100.0,100.0
Patient_33,263,0.9765625,0.9765625,2.0,-1000,3071,-1000.0,-1000.0,-990.0,429.6500000000233,752.0,62.638172439204126,208,342,116,293,100.0,100.0,100.0,100.0
Patient_34,192,0.9765620231628418,0.9765620231628418,2.5,-1000,13025,-1000.0,-1000.0,-964.0,246.0,436.0,18.181818181818183,214,373,128,307,100.0,100.0,100.0,100.0
Patient_35,181,1.3671875,1.3671875,2.0,-1000,3071,-1000.0,-1000.0,-998.0,153.0,331.0,62.638172439204126,220,325,180,293,100.0,100.0,100.0,100.0
Patient_36,188,0.9765625,0.9765625,2.0,-1000,3071,-1000.0,-1000.0,-986.0,303.0,479.445000000007,62.638172439204126,196,331,148,324,100.0,100.0,100.0,100.0
Patient_37,176,0.9765620231628418,0.9765620231628418,2.5,-1000,12080,-1000.0,-1000.0,-939.0,330.0,534.0,19.495412844036696,207,358,166,323,100.0,100.0,100.0,100.0
Patient_38,159,0.9765620231628418,0.9765620231628418,2.5,-1000,3071,-1000.0,-1000.0,-987.0,294.0,473.0,62.638172439204126,211,359,158,301,100.0,100.0,100.0,100.0
Patient_39,228,0.9765625,0.9765625,2.0,-1000,3071,-1000.0,-1000.0,-986.0,334.0,570.0,62.638172439204126,198,359,153,299,100.0,100.0,100.0,100.0
Patient_40,203,0.9765620231628418,0.9765620231628418,2.5,-1000,20674,-1000.0,-1000.0,-967.0,224.0,377.0,11.765248685060442,205,342,169,311,100.0,100.0,100.0,100.0
